Nutrient,Amount,Unit,DV
Calories,31,,
"Vitamin A, RAE",12.54,mcg,1 %
"Carotene, alpha",2.37,mcg,
"Carotene, beta",18.02,mcg,
"Cryptoxanthin, beta",4.72,mcg,
"Lutein + zeaxanthin",2.73,mcg,
"Lutein",9.64,mcg,
"Lycopene",0.02,mcg,
"Retinol",10.72,mcg,
"Zeaxanthin",9.6,mcg,
"cis-Lutein/Zeaxanthin",2.39,mcg,
"cis-Lycopene",0,mcg,
"cis-beta-Carotene",0,mcg,
"trans-Lycopene",0,mcg,
"trans-beta-Carotene",0,mcg,
"Thiamin [Vitamin B1]",0.01,mg,1 %
"Riboflavin [Vitamin B2]",0.041,mg,3 %
"Niacin [Vitamin B3]",1.949,mg,12 %
"Pantothenic acid [Vitamin B5]",0.036,mg,1 %
"Vitamin B6",0.071,mg,4 %
"Vitamin B12 [Cobalamin]",0.53,mcg,22 %
"Vitamin B12, added",0,mcg,
"Folate, DFE [Vitamin B9]",1.47,mcg,0 %
"Folate, food",1.54,mcg,
"Folic acid",0,mcg,
"Vitamin C [Ascorbic acid]",0.2,mg,0 %
"Vitamin D",0.33,mcg,2 %
"Vitamin D2",0,mcg,
"Vitamin D3",0.33,mcg,
"Vitamin E (alpha-tocopherol)",0.12,mg,1 %
"Vitamin E, added",0,mg,
"Tocopherol, alpha",0.12,mg,
"Tocopherol, beta",0,mg,
"Tocopherol, delta",0,mg,
"Tocopherol, gamma",0.01,mg,
"Tocotrienol, alpha",0.01,mg,
"Tocotrienol, beta",0,mg,
"Tocotrienol, delta",0,mg,
"Tocotrienol, gamma",0,mg,
"Vitamin K",1.2,mcg,1 %
"Vitamin K1 [Phylloquinone]",1.2,mcg,
"Vitamin K2 [Menaquinone]",0,mcg,
"Dihydrophylloquinone",0,mcg,
"Betaine",0.7,mg,
"Choline",20.2,mg,4 %
"Calcium",9.35,mg,1 %
"Copper",0.01,mg,1 %
"Fluoride",3.5,mcg,
"Iodine",2.06,mcg,1 %
"Iron",0.53,mg,3 %
"Magnesium",6.16,mg,1 %
"Manganese",0.022,mg,1 %
"Phosphorus",38.28,mg,3 %
"Potassium",76.59,mg,2 %
"Selenium",14.84,mcg,27 %
"Sodium",108.71,mg,5 %
"Zinc",0.19,mg,2 %
"Protein",4.69,g,9 %
"Alanine",0.248,g,
"Arginine",0.255,g,
"Aspartic acid",0.423,g,
"Cystine",0.038,g,
"Cysteine",0.02,g,
"Glutamic acid",0.614,g,
"Glycine",0.191,g,
"Histidine",0.117,g,10 %
"Hydroxyproline",0,g,
"Isoleucine",0.192,g,12 %
"Leucine",0.338,g,10 %
"Lysine",0.362,g,12 %
"Methionine",0.123,g,
"Phenylalanine",0.169,g,
"Proline",0.158,g,
"Serine",0.188,g,
"Threonine",0.182,g,11 %
"Tryptophan",0.047,g,12 %
"Tyrosine",0.143,g,
"Valine",0.218,g,11 %
"Phenylalanine + Tyrosine",0.312,g,12 %
"Methionine + Cysteine",0.143,g,9 %
"Carbohydrate",1.2,g,0 %
"Fiber",0.53,g,2 %
"Starch",0,g,
"Sugars",0.32,g,
"Fructose",0,g,
"Galactose",0,g,
"Glucose",0.02,g,
"Lactose",0,g,
"Maltose",0,g,
"Sucrose",0,g,
"Net carbs",0.67,g,
"0.04 g",0.06 g,undefined,1.42
"Fat",0.753,g,1 %
"Saturated fatty acids",0.263,g,1 %
"Butanoic acid",0,g,
"Decanoic acid",0.001,g,
"Docosanoic acid",0,g,
"Dodecanoic acid",0,g,
"Eicosanoic acid",0,g,
"Heptadecanoic acid",0.001,g,
"Hexadecanoic acid",0.125,g,
"Hexanoic acid",0,g,
"Octadecanoic acid",0.044,g,
"Octanoic acid",0,g,
"Pentadecanoic acid",0.001,g,
"Tetracosanoic acid",0,g,
"Tetradecanoic acid",0.003,g,
"Tridecanoic acid",0,g,
"Monounsaturated fatty acids",0.177,g,
"Cis-hexadecenoic acid",0.013,g,
"Cis-octadecenoic acid",0.16,g,
"Docosenoic acid",0,g,
"Docosenoic cis acid",0,g,
"Docosenoic trans acid",0,g,
"Eicosenoic acid",0.001,g,
"Heptadecenoic acid",0.001,g,
"Hexadecenoic acid",0.003,g,
"Octadecenoic acid",0.021,g,
"Pentadecenoic acid",0,g,
"Tetracosenoic cis acid",0,g,
"Tetradecenoic acid",0,g,
"Trans-hexadecenoic acid",0,g,
"Trans-octadecenoic acid",0,g,
"Polyunsaturated fatty acids",0.141,g,
"α-linolenic acid n-3 (ALA)",0,g,
"γ-linolenic acid n-6 (GLA)",0,g,
"Cis,cis-eicosadienoic n-6 acid",0,g,
"Linoleic acid n-6 (LA)",0.06,g,
"Docosahexaenoic n-3 acid (DHA)",0.037,g,
"Docosapentaenoic n-3 acid (DPA)",0.001,g,
"Docosatetraenoic acid",0,g,
"Eicosadienoic acid",0,g,
"Eicosadienoic n-3 acid",0,g,
"Eicosadienoic n-6 acid",0.001,g,
"Eicosapentaenoic n-3 acid (EPA)",0.005,g,
"Eicosatetraenoic acid",0.005,g,
"Octadecadienoic CLAs acid",0,g,
"Octadecadienoic acid",0.013,g,
"Octadecatetraenoic acid",0,g,
"Octadecatrienoic acid",0.002,g,
"Trans-octadecadienoic acid",0,g,
"Trans-octadecatrienoic acid",0,g,
"18:2 c",0.06,g,
"18:3 c",0,g,
"20:3 c",0,g,
"Fatty acids, total trans",0,g,
"Fatty acids, total trans-monoenoic",0,g,
"Fatty acids, total trans-polyenoic",0,g,
"Cholesterol",24.09,mg,8 %
"Phytosterols",0.27,mg,
"25-hydroxycholecalciferol",0.02,mcg,
"Alcohol, ethyl",0,g,
"Ash",0.3,g,
"Caffeine",0,mg,
"Carbohydrate, by summation",0.01,g,
"Choline, free",0.03,mg,
"Choline, from glycerophosphocholine",0.01,mg,
"Choline, from phosphocholine",12.95,mg,
"Choline, from phosphotidyl choline",0.01,mg,
"Choline, from sphingomyelin",1.05,mg,
"Cryptoxanthin, alpha",0.54,mcg,
"Nitrogen",0.08,g,
"Theobromine",0,mg,
"Water",20.08,g,
